﻿Designator,Footprint,Quantity,Value,LCSC Part #
"C1, C5",0603,2,10uF,
"C10, C3, C6, C7, C8, C9",0603,6,0.1uF,
"C11, C13",0603,2,100nF,
"C12, C14, C4",0603,3,2.2uF,
C2,0603,1,10nF,
D6,LED_D3.0mm,1,LED_3mm,
"J1, J2",PinSocket_1x14_P2.54mm_Vertical,2,PINHD_1x14_Female,
J12,PinHeader_1x02_P2.54mm_Vertical,1,PINHD_1x2_Male,
"J3_2, J3",USB_Micro-B_Wuerth_614105150721_Vertical,2,USB_B_Mini,
J4,PinHeader_1x03_P2.54mm_Horizontal,1,PINHD_1x3_Male,
J5,Molex_PicoBlade_53261-0271_1x02-1MP_P1.25mm_Horizontal,1,PINHD_1x2_Female,
J7_2,PinHeader_1x03_P2.00mm_Vertical,1,PINHD_1x6_Male,
J7,Molex_PicoBlade_53261-0671_1x06-1MP_P1.25mm_Horizontal,1,PINHD_1x6_Male,
J8,Molex_PicoBlade_53261-0471_1x04-1MP_P1.25mm_Horizontal,1,PINHD_1x4_Male,
J9,PinHeader_1x04_P2.54mm_Vertical,1,PINHD_1x4_Male,
L1,1008,1,3.3uH,
Q1,SOT-23,1,PNP,
"R1, R5, R6",0603,3,100ohm,
R19,0603,1,330ohm,
"R2, R3",0603,2,10k,
R7,0603,1,20k,
R8,0603,1,8.2k,
U1,OnSemi_CASE100AQ,1,QRE1113,
U2,SOP-16_3.9x9.9mm_P1.27mm,1,HX711,
U3,TSSOP-16_4.4x5mm_P0.65mm,1,DRV8833PW,
